# STAGE MODE 初期配置データ: 0=空, 1=壁ブロック, 2=ジェム
# 1 ステージ = 20 行 x 10 列。空行または '# Stage n' でステージを区切る。

# Stage 1
0000000000
0000000000
0000000000
0000000000
0000000000
0000000000
0000000000
0000000000
0000000000
0000000000
0000000000
0000000000
0000000000
0000000000
0000000000
0000000000
0000000000
1001112020
0111100110
0101101101

# Stage 2
0000000000
0000000000
0000000000
0000000000
0000000000
0000000000
0000000000
0000000000
0000000000
0000000000
0000000000
0000000000
0000000000
0000000000
0000000000
0000000000
0000000000
0011111111
1021100112
1001211110

# Stage 3
0000000000
0000000000
0000000000
0000000000
0000000000
0000000000
0000000000
0000000000
0000000000
0000000000
0000000000
0000000000
0000000000
0000000000
0000000000
0000000000
0121001111
1201021111
1111110010
0011111111

# Stage 4
0000000000
0000000000
0000000000
0000000000
0000000000
0000000000
0000000000
0000000000
0000000000
0000000000
0000000000
0000000000
0000000000
0000000000
0000000000
0000000000
1111100011
0101021101
1021211021
0111001110

# Stage 5
0000000000
0000000000
0000000000
0000000000
0000000000
0000000000
0000000000
0000000000
0000000000
0000000000
0000000000
0000000000
0000000000
0000000000
0000000000
0111211101
1111101201
1210101112
1110011101
1101110111

# Stage 6
0000000000
0000000000
0000000000
0000000000
0000000000
0000000000
0000000000
0000000000
0000000000
0000000000
0000000000
0000000000
0000000000
0000000000
0000000000
1102111010
1011112011
1011101011
0012101221
1111001111

# Stage 7
0000000000
0000000000
0000000000
0000000000
0000000000
0000000000
0000000000
0000000000
0000000000
0000000000
0000000000
0000000000
0000000000
0000000000
1101110102
0011110121
1201011121
0110101111
1211110000
1111011101

# Stage 8
0000000000
0000000000
0000000000
0000000000
0000000000
0000000000
0000000000
0000000000
0000000000
0000000000
0000000000
0000000000
0000000000
0000000000
2111001110
1122011120
1010111100
1110111001
0101112121
1110110101

# Stage 9
0000000000
0000000000
0000000000
0000000000
0000000000
0000000000
0000000000
0000000000
0000000000
0000000000
0000000000
0000000000
0000000000
1101101111
2011110101
1110011211
1110101110
1101012011
2102110012
0011111111

# Stage 10
0000000000
0000000000
0000000000
0000000000
0000000000
0000000000
0000000000
0000000000
0000000000
0000000000
0000000000
0000000000
0000000000
1012201121
1111101210
1011010201
1201110211
1111100111
0110111101
1111001111

# Stage 11
0000000000
0000000000
0000000000
0000000000
0000000000
0000000000
0000000000
0000000000
0000000000
0000000000
0000000000
0000000000
1210121010
1100121110
0011111111
1212000110
1011111110
0111011001
1101211101
0111102100

# Stage 12
0000000000
0000000000
0000000000
0000000000
0000000000
0000000000
0000000000
0000000000
0000000000
0000000000
0000000000
0000000000
2111101110
1112001112
1121100001
0121100101
1110111000
0110111001
0111011101
0211210210

# Stage 13
0000000000
0000000000
0000000000
0000000000
0000000000
0000000000
0000000000
0000000000
0000000000
0000000000
0000000000
1010111101
0211011001
1111101101
2010111011
1111100111
0011110110
1101102221
2101122011
1010101011

# Stage 14
0000000000
0000000000
0000000000
0000000000
0000000000
0000000000
0000000000
0000000000
0000000000
0000000000
0000000000
1011202111
1011001101
1201101211
1011002111
0101111001
1122201110
1111111100
0010111201
0101101101

# Stage 15
0000000000
0000000000
0000000000
0000000000
0000000000
0000000000
0000000000
0000000000
0000000000
0000000000
0110111100
1020111011
1201101102
1111201100
1001120110
0121110010
1111011012
1010111111
2201101111
0111011110

# Stage 16
0000000000
0000000000
0000000000
0000000000
0000000000
0000000000
0000000000
0000000000
0000000000
0000000000
0121112101
1111011100
0111100121
1101111101
0011201011
0110112100
0200111211
1001010111
1102120102
1111101110

# Stage 17
0000000000
0000000000
0000000000
0000000000
0000000000
0000000000
0000000000
0000000000
0000000000
0100112202
0112010021
1101111011
1021101101
0120211110
0111011011
1111011010
1100011111
1111001011
0110121001
0211100111

# Stage 18
0000000000
0000000000
0000000000
0000000000
0000000000
0000000000
0000000000
0000000000
0000000000
1110010111
1201011120
1100111001
1110120121
1121011010
1201011121
1010110201
1100011101
0012101110
1111111001
1112102001

# Stage 19
0000000000
0000000000
0000000000
0000000000
0000000000
0000000000
0000000000
0000000000
1201010111
2101110110
1011110012
0100101111
1111012011
1111101102
0111021110
1011001111
0112010011
1021101012
1120011100
2100110110

# Stage 20
0000000000
0000000000
0000000000
0000000000
0000000000
0000000000
0000000000
0000000000
1101111010
0111210110
0011022101
1121010100
1110211110
0110111110
1020111001
1111011020
1201121010
1012201110
1110000111
1111001120
